7,7,6,2,5,6,6,6,7,6,2,5,2,2,4,4,4,3,5,7,6,-9999,7,7,-9999,5,4,4,5,5,6,6,5,5,7,-9999,-9999,3,2,6,7,4,4,4,7,4,7,4,7,7,3,7,6,3,7,5,2,1,7,52,0,0.153967020969019,13.8722345941426
6,4,4,3,4,5,3,2,6,5,4,7,7,4,3,4,4,2,5,6,5,1,7,7,7,6,5,5,6,7,7,6,7,4,4,4,3,3,7,5,5,4,7,7,6,-9999,7,3,2,2,2,2,5,4,3,5,3,2,7,32,0,0.153967020969019,13.8722345941426
2,7,7,2,7,2,2,7,6,3,3,6,5,6,5,3,3,5,4,6,6,6,3,3,2,5,4,4,4,7,7,4,1,7,2,-9999,6,4,5,5,4,4,4,4,7,4,7,7,7,7,6,-9999,2,2,2,4,2,3,4,21,0,0.0282935025165971,10.9885180244808
5,4,5,4,4,5,4,3,6,6,4,5,5,5,6,4,5,4,5,4,4,4,4,5,5,5,5,5,4,7,6,6,4,5,5,7,6,5,6,6,7,7,6,6,5,6,6,4,5,2,5,5,5,4,4,2,3,5,5,31,0,0.212177430646274,10.691287878919
5,3,5,4,6,4,4,5,5,5,3,4,4,5,5,4,4,5,5,2,2,2,5,5,5,2,2,2,5,3,6,3,3,6,4,4,4,3,5,4,4,4,5,5,3,5,6,6,4,6,3,5,4,5,6,6,5,5,7,52,1,0.0252342947230523,11.9310448357699
6,2,7,5,6,5,5,4,4,5,5,6,3,7,6,5,5,6,6,3,3,3,3,5,5,6,5,6,6,7,5,7,2,6,2,5,2,5,7,4,6,4,3,4,6,6,6,5,5,4,5,4,6,6,5,6,6,5,3,21,1,0.0268727255619969,8.61128444681578
6,6,7,-9999,7,3,2,6,6,7,4,6,4,7,4,4,4,6,5,4,4,4,7,6,6,4,4,3,3,-9999,-9999,-9999,2,6,-9999,-9999,-9999,4,5,4,7,4,4,4,4,6,6,4,5,6,7,7,2,4,4,3,6,5,2,4,0,0.0223266790057482,8.69659381978253
7,5,2,6,6,5,-9999,6,7,-9999,2,2,4,5,6,5,5,6,4,2,2,2,2,2,5,4,3,3,2,6,6,6,1,6,-9999,5,-9999,2,5,4,5,5,5,5,5,5,6,5,5,-9999,-9999,-9999,5,3,4,3,2,5,3,15,0,0.134799727523221,8.44253429830266
6,3,6,6,6,3,6,7,5,6,4,5,4,5,4,4,4,5,5,3,3,1,2,4,4,3,3,3,3,7,5,5,4,5,4,7,5,3,4,4,6,6,4,5,7,7,7,7,7,7,7,7,4,4,4,4,5,5,3,13,1,0.0133412436176839,7.55349633714481
5,2,7,3,6,5,4,6,6,6,1,-9999,1,4,5,3,4,6,6,1,1,1,1,1,5,1,1,1,1,6,5,6,1,4,2,-9999,-9999,1,3,3,6,4,5,5,6,1,7,5,5,1,1,5,2,4,5,5,2,4,3,12,0,0.0549374681852352,7.85387662081497
7,5,6,2,5,6,4,6,6,6,1,-9999,1,4,5,3,4,6,6,2,-9999,1,3,2,6,1,1,1,1,6,7,7,2,4,-9999,-9999,6,1,3,3,6,4,5,5,5,1,6,6,6,5,2,-9999,4,4,6,5,1,2,3,12,0,0.0549374681852352,7.85387662081497
6,3,6,5,6,6,6,7,6,6,4,6,5,6,6,5,5,6,6,3,5,5,4,4,6,5,6,6,6,7,7,6,5,5,5,5,6,4,5,5,5,5,5,5,6,6,6,6,5,5,4,4,6,5,4,4,4,6,5,12,1,0.0572120309082184,10.4149359823182
5,3,6,-9999,-9999,3,5,7,4,4,6,7,2,3,2,4,3,3,4,4,5,6,6,6,6,5,2,4,-9999,6,4,5,4,6,-9999,5,-9999,2,3,2,6,6,-9999,7,5,-9999,5,6,7,6,1,4,4,3,4,5,3,4,6,52,0,0.0705039435110738,10.6404841403743
6,5,5,5,5,5,5,5,5,5,5,4,5,5,5,4,3,4,4,4,4,4,2,4,3,2,2,-9999,2,4,4,4,4,4,4,4,4,3,3,3,4,4,3,4,6,5,6,6,4,5,6,6,6,6,6,6,2,5,6,31,1,0.0272893761239527,11.9107667707946
6,2,7,4,7,6,6,7,6,3,5,6,2,6,6,7,4,4,6,6,3,3,3,3,4,5,2,1,2,6,6,7,1,5,4,-9999,5,1,3,2,5,3,4,5,4,4,4,3,3,5,4,5,5,4,4,6,5,4,3,46,1,0.312461642313952,9.80662416713225
5,4,-9999,5,4,5,4,5,5,7,3,4,4,6,7,7,4,4,7,-9999,-9999,-9999,2,2,5,6,4,4,1,6,-9999,-9999,3,5,-9999,-9999,-9999,2,3,3,7,7,7,7,7,4,5,4,4,4,1,5,6,4,4,4,5,4,3,52,1,0.0332847757294911,9.28559625645495
5,3,5,6,6,5,3,6,2,5,6,6,5,6,4,2,2,3,2,2,4,-9999,1,3,5,5,5,4,2,6,5,4,3,5,-9999,-9999,-9999,3,5,4,4,5,6,3,2,5,6,-9999,5,2,-9999,-9999,3,3,3,4,2,3,5,52,0,0.154804181229884,10.7753267945667
5,5,5,5,5,5,5,5,5,6,6,6,5,5,6,4,4,5,4,6,6,3,4,3,7,5,5,1,4,7,7,7,7,5,7,3,4,3,5,5,7,5,6,5,6,4,3,5,5,5,5,5,7,2,4,3,1,4,3,41,0,0.173752728964304,8.73974456742926
7,1,7,1,1,1,1,7,7,7,2,7,2,2,2,2,2,4,7,4,4,1,1,1,1,2,2,2,2,7,7,7,1,1,1,7,7,3,3,3,7,7,-9999,7,7,7,7,1,1,7,7,7,1,1,7,7,1,1,1,28,0,-9999,-9999
5,4,4,4,5,3,5,4,4,4,6,5,3,4,3,3,4,3,3,3,5,5,3,4,4,4,3,3,3,6,4,5,4,5,4,-9999,-9999,5,6,4,4,3,5,3,4,3,4,-9999,-9999,-9999,-9999,-9999,2,6,4,3,1,3,6,52,0,0.0397828003052212,11.1560933658261
4,4,5,4,6,5,4,5,6,5,4,4,4,5,6,3,4,4,4,6,6,3,7,7,7,5,7,3,7,5,5,7,5,5,6,6,6,6,5,4,6,5,4,5,4,6,6,6,7,7,6,6,5,3,5,2,2,6,9,52,0,0.0438944523724269,14.9423786968406
6,5,5,6,4,4,6,4,5,6,5,6,5,5,5,5,5,5,5,3,3,4,5,5,5,4,4,4,4,6,6,6,5,6,5,5,5,5,5,5,5,5,5,5,6,4,5,5,5,5,5,4,5,5,5,5,4,6,5,52,1,0.0123458531692827,10.0960935427806
4,3,3,3,3,3,2,1,2,5,5,5,5,5,4,3,3,2,4,3,1,1,3,3,6,2,2,2,3,4,2,4,2,5,3,2,3,4,4,3,5,4,5,4,3,2,4,4,1,2,1,2,1,2,2,3,1,3,3,52,0,0.0320778284669323,8.66473349936957
5,5,4,2,2,4,2,2,4,5,5,4,3,4,4,4,4,4,4,2,4,3,5,4,6,3,3,3,3,5,6,7,4,6,4,4,4,2,6,4,4,4,3,5,7,4,5,4,4,4,2,2,5,3,4,4,4,3,2,36,0,-0.0632254005000469,8.50766797019117
6,6,5,6,6,-9999,6,6,4,7,5,7,6,5,5,5,5,4,5,-9999,-9999,1,5,5,5,4,3,-9999,5,5,5,6,5,6,7,-9999,-9999,5,4,5,7,4,5,4,-9999,-9999,5,4,4,4,5,-9999,2,6,5,5,1,5,9,52,0,0.273173753862473,14.7066782526287
6,6,6,5,5,4,5,2,5,3,4,5,3,2,2,2,3,3,3,-9999,-9999,-9999,4,4,5,4,4,4,4,5,-9999,-9999,2,6,-9999,-9999,-9999,4,4,4,5,4,4,4,7,7,7,5,5,5,3,6,5,5,4,4,5,5,7,47,1,0.0441551477374107,12.2575382750672
3,3,4,4,4,4,3,5,4,2,5,5,4,5,6,2,2,5,5,4,2,3,4,5,5,7,7,7,4,4,4,5,2,6,4,6,4,3,3,4,4,5,5,5,4,3,3,5,3,4,2,5,3,6,6,6,5,6,5,46,1,0.178484485240193,10.5938007210749
7,6,4,5,6,5,6,6,4,-9999,-9999,-9999,-9999,-9999,-9999,7,7,5,3,3,-9999,-9999,6,6,-9999,2,2,2,7,5,4,5,3,3,3,4,6,6,5,5,6,4,6,6,7,5,7,5,6,6,4,4,5,3,5,7,2,3,2,11,1,-9999,-9999
5,6,5,5,4,3,3,3,4,3,6,4,4,3,5,2,2,3,3,6,-9999,-9999,6,6,-9999,6,4,3,6,-9999,-9999,-9999,6,6,-9999,-9999,-9999,6,6,4,4,4,6,6,-9999,5,-9999,-9999,-9999,-9999,-9999,-9999,2,2,4,2,1,3,9,52,0,0.0982608863971135,16.0480137188029
4,1,6,1,4,2,1,4,4,6,1,5,2,3,1,1,1,3,5,5,4,4,-9999,-9999,5,4,2,2,2,6,5,-9999,-9999,4,4,-9999,-9999,2,7,4,5,5,5,4,5,-9999,7,-9999,5,-9999,-9999,-9999,2,1,6,-9999,2,5,3,41,0,0.0300076714242531,8.74873339199769
7,2,6,2,6,3,3,3,6,5,2,5,2,4,6,4,3,3,4,-9999,-9999,-9999,5,5,6,5,3,2,5,7,5,5,3,5,4,6,4,2,5,4,6,6,5,4,3,2,6,3,7,6,2,6,4,4,4,3,3,4,3,40,0,0.198676544015636,8.99902657241555
7,2,7,3,4,5,5,5,5,5,2,5,2,4,6,4,3,3,4,-9999,3,1,6,6,6,5,3,2,5,7,6,6,2,4,3,5,5,2,5,4,6,6,5,4,4,4,6,4,7,7,2,6,5,5,5,3,4,4,3,40,1,0.198676544015636,8.99902657241555
5,5,5,4,5,4,4,3,5,4,5,4,5,5,5,4,4,4,4,2,2,2,3,3,-9999,3,4,3,5,5,5,4,5,-9999,-9999,-9999,-9999,6,4,4,4,4,4,4,5,6,5,5,4,4,4,4,5,2,4,4,4,4,8,52,0,0.0531499594056711,12.4813717393891
4,6,6,2,3,1,5,2,5,5,3,5,5,4,3,3,3,4,4,-9999,4,1,6,7,7,4,4,3,6,7,5,6,2,7,2,7,-9999,4,5,5,5,4,5,4,1,1,4,3,1,1,1,1,1,1,5,7,1,2,3,35,0,0.00131089398506264,9.42181611842271
6,6,6,6,6,5,5,5,5,3,3,5,3,3,3,3,3,3,3,5,5,5,5,5,6,2,2,2,2,6,6,6,5,6,5,5,5,4,4,2,4,4,6,4,6,6,5,4,6,2,5,6,-9999,2,6,4,1,3,5,52,0,0.072168704019709,12.3212540777269
4,4,4,6,4,3,4,3,5,4,4,4,3,3,4,3,3,3,3,5,4,4,4,4,4,4,3,3,3,4,4,4,4,5,5,5,4,4,4,4,4,5,4,3,6,5,5,4,4,4,4,4,3,3,3,4,4,4,6,34,0,0.025640667402207,10.830894272255
4,2,4,3,4,5,1,2,6,4,2,6,3,3,3,2,2,2,6,6,3,3,4,5,4,6,2,2,6,4,4,5,2,3,4,4,3,3,2,5,6,6,6,5,4,-9999,4,2,2,2,1,4,2,2,4,2,5,2,3,34,0,0.0512474844226504,8.6633174598983
5,5,3,4,4,4,3,3,3,5,5,3,4,3,5,5,4,4,4,6,5,4,6,5,5,3,2,2,3,6,5,6,4,3,4,6,5,4,3,4,6,4,5,5,4,3,4,3,4,3,5,6,3,3,4,3,2,2,7,31,0,0.117765821538852,12.2284635869162
6,5,5,5,5,5,5,4,5,5,3,5,6,6,6,4,3,5,2,5,4,4,4,4,5,4,4,4,4,5,5,5,5,5,5,-9999,-9999,3,5,4,7,4,7,7,5,5,5,4,4,4,3,5,5,5,4,4,4,4,5,35,1,0.0493246579591105,9.97796866934844
6,6,6,6,6,6,4,6,3,5,5,4,3,6,5,5,4,6,5,3,5,4,3,3,4,4,3,3,3,6,5,-9999,4,4,4,5,4,3,3,5,5,4,4,5,6,5,6,5,6,4,2,5,6,6,4,4,5,5,3,33,1,-0.0131191028283065,8.70538084232098
6,6,6,6,6,4,4,6,4,5,5,4,6,6,7,7,5,5,6,5,5,4,4,5,5,6,7,6,6,6,7,6,4,4,5,-9999,-9999,4,5,4,6,4,5,5,6,4,6,4,3,4,2,3,6,2,6,3,3,5,6,32,1,0.0640201835949772,11.6683962254884
5,3,5,5,6,5,0,3,0,5,2,7,4,7,7,4,5,3,3,5,5,-9999,5,5,5,5,5,5,5,6,7,7,5,4,6,5,4,6,5,6,6,6,5,6,6,6,6,3,5,5,5,4,4,2,4,4,3,5,4,33,0,0.138966736810592,10.3291571679602
4,1,5,4,6,4,5,5,5,4,5,5,6,6,6,5,7,5,6,4,4,0,5,5,4,3,4,3,2,7,5,4,2,2,3,4,5,1,6,5,6,4,5,4,4,4,4,3,2,4,2,6,4,5,3,5,6,6,7,-9999,1,0.1569901074294,12.7752253832733
5,3,5,4,7,6,7,6,6,4,6,3,7,6,4,5,7,7,-9999,4,7,7,7,-9999,5,6,5,2,7,7,-9999,-9999,-9999,-9999,-9999,-9999,-9999,5,7,7,7,4,6,6,4,4,5,6,5,1,6,7,4,1,4,4,1,1,5,24,0,-0.0591701282888672,11.4513840480255
6,3,6,4,6,6,5,5,5,6,6,6,6,6,6,6,6,6,6,6,6,5,4,5,5,5,5,5,4,4,4,5,3,5,5,5,5,4,5,4,6,5,4,5,4,4,5,5,6,6,7,6,5,4,6,5,6,6,4,39,1,0.15689678734553,10.4695226922737
6,4,3,2,2,4,3,2,4,6,7,7,6,2,6,7,7,4,7,1,1,2,1,1,6,3,6,3,2,6,7,6,1,1,1,5,5,2,7,5,7,4,6,6,4,4,5,2,6,2,1,5,6,2,6,4,7,2,3,30,1,0.113976259478309,9.34755123703194
5,5,5,5,6,5,5,6,5,6,7,6,6,7,5,6,7,2,6,3,3,5,3,5,5,5,5,4,2,5,5,5,4,4,4,5,6,6,5,6,6,5,5,5,4,5,6,5,5,6,5,6,6,5,6,4,3,4,6,19,1,-9999,-9999
4,5,3,2,3,2,2,2,2,6,7,6,5,3,4,6,4,6,6,-9999,2,2,2,2,2,7,7,1,7,6,6,6,2,6,-9999,-9999,-9999,4,7,7,5,5,5,7,2,4,4,-9999,-9999,-9999,-9999,-9999,2,2,6,3,1,6,5,28,0,0.114040746069251,10.6741488619917
5,5,6,5,5,5,5,5,5,5,7,6,7,6,6,7,7,7,6,4,4,4,4,4,4,4,4,4,4,6,5,4,4,4,4,5,4,4,4,4,7,5,5,5,5,5,5,5,4,4,5,5,5,4,4,4,4,4,8,30,1,0.507069688459417,13.6136632483409
6,3,6,4,6,6,6,5,5,6,6,6,4,5,5,5,6,3,3,6,3,4,7,6,-9999,7,5,4,7,7,4,6,3,7,6,4,4,6,6,4,6,4,4,5,4,4,6,3,-9999,-9999,-9999,-9999,4,6,3,4,3,6,7,30,1,0.220897264873668,11.9390686340641
3,6,5,6,6,4,6,5,5,5,6,6,6,6,6,4,4,6,6,2,2,2,1,6,2,3,3,3,1,3,-9999,2,4,4,-9999,-9999,-9999,4,5,5,5,4,4,4,4,5,6,5,-9999,-9999,5,4,6,5,4,4,1,4,7,29,0,0.0262312686953549,14.0183998087933
3,4,5,3,4,2,2,4,3,4,3,5,3,3,3,4,2,4,4,2,3,2,1,4,5,4,4,4,1,5,4,3,3,5,3,-9999,-9999,4,5,4,5,4,6,4,3,3,5,3,2,3,2,5,5,5,4,3,4,6,3,7,1,-0.028399764160207,9.21356848932761
7,5,5,5,6,6,6,7,5,6,5,6,5,7,6,5,5,6,6,6,6,2,6,6,6,6,5,5,4,6,6,5,-9999,6,6,-9999,6,3,6,4,5,5,6,5,7,6,6,7,5,5,5,6,6,6,6,5,6,5,5,31,1,0.124965340747575,10.7504046261475
7,6,6,-9999,7,6,6,6,6,7,3,6,5,7,6,1,4,6,6,5,5,1,2,2,4,4,4,1,5,7,7,6,3,6,6,-9999,-9999,3,7,4,7,7,6,7,7,2,5,6,-9999,6,1,-9999,4,1,6,3,2,4,3,29,0,0.207828357565101,8.59506122851455
7,7,6,-9999,-9999,-9999,-9999,7,6,7,7,7,7,4,7,7,7,7,7,5,5,4,-9999,6,-9999,4,4,1,4,7,7,4,3,4,7,6,7,3,5,4,7,7,7,6,7,5,6,6,7,7,6,7,7,5,5,5,5,5,2,41,1,-9999,-9999
5,5,6,4,5,6,5,5,6,5,5,6,5,4,6,6,6,4,5,4,4,4,4,4,6,4,4,4,4,6,6,5,3,6,-9999,-9999,-9999,4,6,6,5,5,6,5,5,5,6,6,5,4,1,5,6,6,5,2,-9999,5,4,29,1,0.0657995992493138,9.04967854053327
4,2,6,1,2,4,3,2,5,2,1,2,2,1,4,4,5,5,6,3,6,6,5,6,4,1,5,5,7,6,5,5,3,4,4,4,3,4,5,5,4,5,6,5,5,3,3,3,3,3,1,4,4,4,5,6,3,3,6,51,1,-9999,-9999
4,2,4,2,2,2,4,7,5,-9999,4,4,4,5,5,4,4,5,5,4,4,4,4,4,5,5,3,3,3,4,4,4,4,4,4,2,4,2,5,5,4,4,4,4,6,6,6,6,6,2,6,6,7,2,4,6,6,4,4,29,1,0.110145801520669,9.41610172439263
5,2,2,7,6,6,4,4,4,5,6,2,6,3,3,6,3,2,5,7,-9999,-9999,-9999,7,3,4,2,2,2,6,5,5,3,6,4,-9999,5,4,6,5,6,3,5,5,6,4,6,2,7,4,2,5,6,1,6,1,2,2,4,28,0,-9999,-9999
5,5,5,5,4,5,5,5,5,3,3,4,4,6,5,4,4,4,4,5,5,3,3,3,4,5,4,4,4,5,5,5,5,4,4,5,4,3,3,3,5,5,5,5,4,4,4,4,4,3,3,5,4,3,3,3,2,3,3,28,0,0.000488151599077228,8.60393953328716
6,5,6,4,6,5,2,6,5,5,4,5,5,5,5,5,4,6,6,6,7,5,2,5,6,4,4,6,2,7,6,7,6,6,4,5,5,2,5,4,6,5,6,5,6,6,7,7,7,6,5,6,7,5,5,4,5,5,3,27,1,0.000488151599077228,8.60393953328716
6,6,6,2,5,5,2,6,5,6,4,6,2,2,2,7,5,4,5,1,1,1,1,1,1,3,2,1,1,6,4,4,2,2,2,6,6,1,2,1,6,1,1,1,6,3,3,7,5,2,2,6,3,4,6,5,2,5,1,28,1,-0.694833495466666,6.09379547820544
5,6,5,2,2,2,3,5,3,6,5,6,4,4,4,5,5,4,6,4,3,2,3,3,6,3,3,3,3,3,3,2,4,4,5,3,3,4,4,5,6,6,5,5,5,3,4,3,5,5,3,3,3,2,2,3,2,3,5,36,0,-0.0116228020998885,10.3484201382205
7,7,7,7,7,7,7,5,7,7,4,7,2,2,2,6,4,5,7,1,1,1,1,1,-9999,1,1,1,1,7,7,7,1,1,1,7,7,1,5,1,7,6,6,4,1,1,3,1,7,7,7,7,2,1,1,7,1,1,2,27,0,-9999,-9999
6,3,6,3,7,6,5,5,3,5,6,4,3,3,3,4,2,4,4,6,6,3,2,5,7,3,6,5,2,6,5,5,4,4,3,4,6,6,4,5,6,6,6,7,6,4,3,3,6,6,2,3,6,5,6,4,3,6,5,27,1,-0.089613509826955,10.7706972779503
7,5,6,6,6,4,6,6,7,7,5,6,6,5,7,6,6,7,7,7,7,5,2,6,7,5,5,5,5,7,7,6,6,7,5,7,6,6,6,5,5,6,5,6,6,6,6,5,6,6,3,6,6,4,6,6,7,6,5,26,1,-9999,-9999
5,4,4,-9999,-9999,6,1,-9999,4,4,6,5,5,6,6,5,5,5,3,-9999,-9999,1,7,7,-9999,5,3,3,5,7,7,7,6,4,4,-9999,-9999,7,6,6,6,6,7,7,1,-9999,-9999,-9999,-9999,-9999,7,-9999,3,7,6,2,2,-9999,9,52,0,0.0500821396059344,16.2838000374963
6,5,5,4,6,5,4,5,5,6,4,5,5,6,6,5,5,5,4,-9999,4,-9999,7,7,4,6,2,3,7,6,6,6,5,5,5,4,4,6,6,6,4,4,6,6,4,4,5,5,6,6,6,6,5,4,3,4,4,5,9,52,1,0.0500821396059344,16.2838000374963
5,6,6,7,6,6,4,5,5,5,2,5,6,6,6,6,5,6,4,-9999,-9999,-9999,4,4,5,4,1,1,4,6,5,6,5,5,4,4,4,4,4,5,5,5,5,5,7,5,7,5,5,5,4,6,5,2,6,5,3,1,5,31,0,-0.0155511789262174,10.3494962164041
6,2,6,2,3,3,1,6,5,3,1,6,2,2,2,3,2,2,4,-9999,4,4,1,1,3,5,3,3,1,7,4,4,-9999,6,-9999,-9999,-9999,1,5,2,5,4,5,5,6,6,6,-9999,-9999,-9999,-9999,-9999,3,4,6,5,1,3,6,26,0,0.0468514003129311,10.798256339935
4,3,5,4,3,4,3,4,3,4,3,3,3,3,3,3,3,4,4,-9999,-9999,-9999,-9999,-9999,-9999,3,3,-9999,2,-9999,-9999,-9999,-9999,-9999,-9999,-9999,-9999,2,4,4,4,4,3,3,4,4,4,4,3,3,1,3,-9999,6,6,6,2,2,5,27,1,0.0553712347616914,9.49026493258887
7,6,7,6,7,7,6,6,6,5,2,5,5,2,2,2,6,5,4,5,5,-9999,6,6,5,6,6,3,6,6,5,6,5,7,-9999,-9999,-9999,1,7,4,7,4,5,6,2,2,6,6,6,2,2,3,5,2,5,2,5,2,7,30,0,0.1395380560636,12.2155218607469
5,4,4,5,5,2,5,5,3,7,4,6,5,7,7,5,5,5,6,3,5,4,3,5,4,4,5,6,5,6,4,6,7,5,4,5,6,4,5,4,6,6,6,7,7,5,6,6,5,5,5,5,5,5,2,2,3,2,3,25,0,0.0283214278970627,8.07383928276526
6,5,5,5,5,5,4,5,5,6,5,5,6,5,5,6,5,5,4,5,5,6,4,6,6,4,5,5,4,4,4,4,4,4,5,4,5,4,4,5,3,5,5,5,5,5,5,5,4,5,4,4,6,6,4,3,2,5,6,26,1,0.212530483310877,15.1692706735985
5,5,3,2,2,2,4,3,4,5,7,4,4,2,4,1,1,2,3,4,4,4,4,5,5,2,2,1,1,4,2,3,4,4,5,4,3,2,4,3,5,4,2,2,2,4,5,2,2,4,2,3,2,4,5,6,1,3,4,51,0,0.00302486090335911,9.55188543431811
7,3,7,3,6,5,4,6,6,6,4,6,5,6,5,6,5,6,5,6,6,5,7,7,7,2,4,4,3,5,6,6,7,5,5,6,6,5,6,6,6,6,5,5,6,4,6,5,2,2,2,3,5,6,2,6,4,2,5,26,1,0.0299689556725632,10.1214617658153
5,4,6,3,3,5,5,5,5,6,5,5,4,5,5,4,4,4,5,5,5,4,2,2,4,4,5,4,4,3,5,5,5,3,6,5,5,6,5,5,4,4,5,5,5,5,5,5,6,5,6,5,2,2,2,3,2,3,4,52,0,0.00027524329698174,11.5841917502925
5,5,5,4,6,6,3,6,5,6,5,6,4,5,5,6,6,6,6,-9999,-9999,-9999,5,5,5,4,4,4,4,5,5,5,4,5,-9999,-9999,-9999,4,6,5,6,5,5,5,4,-9999,5,5,-9999,-9999,5,-9999,5,3,5,3,3,3,4,4,0,-0.948838549351504,11.5587502844668
6,4,7,6,6,5,7,7,7,5,4,6,4,6,5,5,5,7,5,3,6,4,-9999,-9999,7,5,3,3,4,7,7,7,6,6,4,7,6,3,7,6,5,6,7,7,4,4,6,6,6,6,2,6,6,6,6,4,4,6,2,25,1,-9999,-9999
5,6,6,6,6,6,4,6,5,5,7,6,4,7,7,5,5,4,5,5,4,3,3,3,4,6,4,4,6,4,5,4,4,5,4,-9999,-9999,4,6,4,6,5,4,4,4,4,5,6,5,5,6,5,6,6,6,5,4,5,5,24,1,0.148558819357174,9.58625994442147
6,4,6,6,6,6,4,6,7,5,3,5,4,4,5,5,5,5,7,7,5,3,5,7,6,6,5,3,5,7,7,6,3,4,4,-9999,-9999,2,5,4,7,6,7,5,7,7,7,4,7,2,7,7,4,3,6,3,3,2,4,25,0,0.143320645033842,9.67224882350756
6,5,4,6,4,6,4,6,5,6,7,2,4,6,5,4,5,5,5,7,6,5,4,5,4,7,7,5,4,6,6,6,5,5,6,6,6,4,6,6,3,5,4,6,6,6,6,6,6,6,6,5,7,4,7,6,3,2,9,24,1,-9999,-9999
7,4,4,5,4,5,6,4,4,5,5,5,4,4,4,4,3,4,3,2,2,4,4,4,7,3,3,3,4,7,7,5,2,6,4,5,5,4,6,4,6,4,6,4,6,7,7,3,6,5,4,6,4,7,7,6,2,3,6,36,1,0.0698647346768328,11.5408162101111
5,4,3,4,6,4,6,6,5,5,5,5,4,4,4,4,3,4,3,3,3,3,3,3,5,3,3,3,4,6,7,5,3,4,5,6,5,4,6,4,6,4,6,4,6,7,7,6,6,4,4,6,4,6,7,4,3,4,6,36,1,0.0698647346768328,11.5408162101111
7,7,4,4,7,6,4,1,5,6,4,4,4,6,6,5,5,5,6,6,6,-9999,7,7,-9999,4,3,2,4,7,7,6,3,6,6,-9999,-9999,4,5,4,5,4,5,4,7,6,7,6,6,-9999,4,6,2,2,-9999,2,2,5,3,23,0,0.0644295423202608,10.3176051199234
6,2,2,4,5,4,3,3,4,6,2,3,6,6,5,6,5,6,5,-9999,5,4,5,5,5,6,7,7,5,5,5,5,2,6,5,6,6,3,4,5,5,5,5,4,5,4,5,5,6,3,5,6,5,2,2,2,2,2,5,23,0,0.118898038437642,9.07648892814074
4,5,5,3,3,6,3,6,5,5,6,6,5,6,4,7,5,7,-9999,6,6,3,7,7,4,7,7,7,7,6,6,6,5,6,5,3,3,4,4,4,7,7,7,7,6,5,6,5,5,2,6,6,6,2,2,5,1,3,6,45,0,0.186262337741664,12.8710176057751
5,4,7,2,4,3,4,6,4,4,1,6,1,4,2,1,1,6,5,1,4,-9999,4,4,7,2,1,1,1,6,5,4,2,7,3,7,6,2,6,2,4,4,3,4,4,4,6,5,5,2,5,3,5,4,6,6,5,7,2,21,1,-0.291470434026739,8.78842570873694
5,6,2,2,2,2,1,4,3,3,6,5,4,4,4,2,3,3,3,5,-9999,1,7,7,-9999,3,5,5,7,6,6,-9999,-9999,-9999,-9999,-9999,-9999,2,5,5,6,3,6,5,7,3,6,2,6,1,1,3,6,4,7,7,1,4,3,25,1,0.0979635504108751,8.83574873553347
6,7,7,7,7,5,5,7,6,7,7,7,5,7,7,7,6,6,6,1,5,3,1,2,4,4,4,4,4,7,7,6,4,3,5,7,7,4,4,4,7,7,7,5,6,5,6,7,7,1,2,7,7,7,5,4,5,2,3,15,1,-9999,-9999
5,4,6,2,5,2,3,5,3,5,3,6,6,4,6,5,3,7,5,2,2,2,2,2,5,5,3,3,5,5,3,4,5,5,7,4,5,3,6,6,7,5,2,7,7,5,6,5,7,3,7,5,5,4,3,3,6,2,3,22,0,0.0452324879562698,7.77056084238264
5,6,5,4,5,5,5,5,4,4,5,5,5,-9999,5,5,6,5,5,-9999,5,5,6,6,-9999,4,4,4,6,5,5,5,5,5,5,5,5,5,6,6,5,6,6,6,5,5,5,3,2,2,4,6,6,6,6,-9999,2,1,5,12,1,0.113681049144287,10.6702893882314
6,1,6,4,6,1,1,5,6,4,2,4,3,4,3,6,5,6,4,1,4,4,2,5,7,2,4,4,2,5,5,5,5,7,3,7,7,4,4,4,6,6,4,4,7,1,7,4,7,1,4,6,3,3,5,3,2,5,3,22,0,0.00634204021048125,8.16678428905615
5,6,6,4,4,2,4,3,5,5,4,5,5,3,3,2,4,3,5,4,4,4,4,4,5,5,4,4,4,6,6,6,4,4,6,4,5,1,5,5,6,4,6,6,6,6,5,2,2,2,2,6,3,1,2,2,1,4,4,22,0,0.10757126338079,9.98204454169167
3,3,6,6,6,4,3,6,3,3,3,4,2,3,3,3,2,2,3,-9999,5,5,5,6,5,3,3,3,4,6,6,6,3,6,4,5,-9999,3,3,3,3,3,3,4,2,2,4,5,5,4,2,2,6,4,5,3,2,5,5,7,1,-0.0403323394762295,11.3173058800323
4,1,6,4,4,5,4,6,5,4,4,4,4,4,4,4,6,5,4,3,3,4,4,4,5,4,4,4,4,5,6,7,5,5,3,5,4,5,4,4,6,6,6,5,4,5,4,5,5,5,5,5,6,7,7,7,5,4,3,23,1,0.0327398274646892,9.65530820475069
3,1,3,1,1,1,4,1,1,4,5,4,5,3,1,2,3,4,4,5,5,1,6,6,6,4,4,1,5,7,6,6,3,2,5,4,4,4,5,5,5,4,5,2,4,3,3,2,2,4,1,6,2,1,1,1,1,1,6,52,0,0.0787282364758342,11.80500535284
6,7,6,5,7,6,7,7,5,6,7,7,7,7,5,5,7,7,6,4,2,2,7,7,5,7,6,3,7,5,6,6,4,4,6,6,6,5,6,5,4,4,6,6,6,6,6,6,4,4,6,5,4,3,6,6,6,5,5,52,1,0.0279395416837645,9.19258365038692
6,5,5,-9999,6,6,5,6,5,2,3,3,2,3,2,2,2,4,3,2,-9999,2,4,4,4,2,2,1,2,6,4,5,3,-9999,-9999,5,5,2,2,1,3,3,3,3,2,5,5,6,5,5,6,7,5,2,2,5,2,3,5,19,0,-0.421768638564237,12.8070752056118
5,3,6,5,5,4,3,4,6,-9999,-9999,-9999,-9999,-9999,-9999,2,3,2,2,-9999,-9999,-9999,-9999,-9999,5,3,2,2,2,5,5,6,1,3,3,5,5,4,4,4,3,4,5,5,6,3,6,3,6,1,3,6,5,7,5,5,4,4,3,22,1,-14.7923002168318,10.7974849578964
6,4,6,3,4,2,3,1,6,4,3,5,4,5,4,4,5,4,4,4,6,2,6,6,7,4,3,3,3,6,7,6,4,7,4,6,7,3,5,4,4,4,5,5,7,3,6,3,7,1,1,6,6,3,5,1,5,2,4,21,0,0.0566007336473055,9.86538581309818
5,2,4,4,6,2,3,3,4,5,3,5,3,4,4,4,4,4,5,6,3,2,6,6,6,5,4,2,4,7,3,5,5,7,5,5,5,5,7,6,6,6,3,4,5,5,5,5,6,5,2,5,5,3,5,3,2,2,2,21,0,0.295886059631223,7.23878415593728
6,6,5,5,6,-9999,1,6,6,3,1,6,3,2,2,2,1,6,6,-9999,5,2,6,6,6,1,2,1,4,3,6,5,6,6,-9999,-9999,-9999,1,6,3,4,3,5,4,5,4,7,-9999,-9999,-9999,-9999,-9999,2,3,6,3,3,2,2,21,0,-0.034338512774572,7.63925741341855
5,3,4,4,4,4,3,5,6,5,4,5,6,5,6,6,5,6,7,4,4,2,4,4,6,7,6,5,5,3,2,3,3,4,4,5,3,5,6,5,7,6,7,7,5,5,5,4,5,6,6,4,6,4,4,4,3,5,2,21,1,0.072492415736646,8.45156607797701
7,1,4,2,2,1,1,2,6,2,1,2,1,1,1,1,1,2,2,2,2,2,-9999,-9999,-9999,1,1,1,1,5,5,4,1,3,3,5,5,2,2,2,2,2,2,2,6,3,6,3,5,6,2,5,6,7,7,7,6,5,3,21,1,0.00401638915064959,8.54049947764647
7,3,7,5,7,5,6,6,7,7,2,7,5,6,6,5,5,6,6,-9999,-9999,-9999,-9999,-9999,-9999,4,3,3,2,6,5,6,3,2,6,-9999,-9999,3,4,5,7,6,6,2,6,7,6,6,2,6,7,6,4,1,4,2,3,1,3,17,0,0.125323775862823,9.7970375547192
6,6,3,3,7,5,4,4,5,5,3,4,4,4,6,5,6,5,4,4,4,2,4,6,4,3,3,3,2,4,2,4,5,6,4,4,5,2,4,4,6,4,4,5,5,4,3,5,4,3,5,4,6,1,3,3,5,1,2,10,0,-9999,-9999
5,4,5,4,5,5,5,6,5,4,4,6,4,5,4,6,4,6,4,3,3,3,3,3,3,3,5,4,4,5,4,4,3,3,3,3,3,3,5,5,4,4,4,5,4,4,5,5,4,4,4,4,4,2,4,4,2,5,5,20,0,-0.452577080103919,10.4212242397924
7,2,7,4,2,4,2,3,6,7,3,6,3,5,6,6,5,2,4,-9999,-9999,-9999,7,6,6,4,2,2,3,6,2,6,1,7,3,-9999,-9999,2,7,2,5,4,5,5,5,4,5,2,6,1,-9999,6,5,7,5,3,2,5,3,20,1,0.260117936776751,8.31429334657907
7,7,7,7,7,7,7,7,7,7,5,7,5,6,7,6,5,7,7,6,6,4,4,5,7,5,5,4,4,6,6,6,5,6,5,5,6,5,5,5,7,7,6,6,5,5,5,6,6,6,5,7,7,7,4,4,4,4,2,16,1,-0.270278641855532,8.35019365072007
6,5,5,5,3,4,4,4,5,5,6,4,4,5,5,4,5,3,4,6,5,4,6,6,5,6,4,3,6,6,7,6,6,6,6,6,4,6,6,5,5,5,6,6,3,3,3,6,6,5,4,5,5,3,3,2,2,2,6,31,0,0.0914318743656105,11.5775871035285
5,2,1,5,7,2,2,7,4,4,4,1,4,5,3,6,5,2,6,7,-9999,-9999,1,1,1,7,3,4,3,5,5,5,3,6,7,6,2,4,5,6,5,2,6,6,2,2,3,6,-9999,-9999,-9999,-9999,7,1,4,1,1,5,4,20,0,0.190846184059044,10.4788866968272
0,0,0,0,0,0,0,0,0,4,3,5,5,4,5,4,4,6,6,0,0,0,0,5,0,4,3,3,3,0,0,0,4,0,0,0,0,5,3,4,4,4,5,5,0,0,0,6,0,0,0,0,0,0,0,0,5,0,3,25,0,-0.00172350545326078,7.94817332340552
6,3,6,3,6,6,3,5,5,7,2,-9999,5,6,6,3,-9999,6,-9999,-9999,-9999,-9999,-9999,-9999,-9999,4,6,2,5,6,5,5,1,-9999,-9999,-9999,-9999,1,5,4,6,6,6,6,6,3,7,5,5,4,2,5,6,2,4,3,6,4,3,19,1,0.00348303746507682,7.89170465933011
7,6,5,6,6,6,5,6,6,5,6,5,5,5,4,4,4,5,5,6,6,6,5,6,6,6,6,5,4,7,5,6,6,6,5,6,5,6,6,5,5,5,5,5,6,5,7,6,6,6,4,6,6,3,4,3,2,4,6,20,0,0.0340542359956112,11.3179416794499
7,4,4,6,6,6,6,2,4,5,3,1,4,2,3,4,6,1,5,5,5,4,2,4,6,5,5,1,1,6,7,7,5,6,5,4,4,4,6,6,3,5,6,5,2,3,5,2,6,2,2,6,7,2,1,6,1,1,3,19,0,0.275638978729409,9.07512756656912
5,4,4,6,7,6,6,4,5,5,6,5,4,7,5,3,4,4,4,4,4,4,3,6,5,3,4,5,4,6,6,5,5,6,5,6,5,4,4,4,5,5,4,3,6,5,7,4,6,5,5,5,6,3,5,4,3,6,6,52,1,0.0651305948863752,11.9993982850709
5,5,2,6,4,4,2,3,6,4,4,5,5,5,2,2,3,2,3,5,6,4,4,5,7,6,5,5,4,7,7,4,4,7,5,-9999,5,3,-9999,6,7,6,7,6,3,1,2,5,5,2,-9999,6,4,2,2,2,1,2,6,19,0,0.162343819712336,11.5382988214117
6,6,7,5,5,5,2,6,6,5,7,7,-9999,7,6,5,5,7,5,-9999,-9999,-9999,1,1,5,5,5,5,5,4,-9999,-9999,-9999,5,-9999,-9999,-9999,4,4,4,4,4,4,5,6,5,4,6,-9999,-9999,-9999,-9999,7,5,-9999,5,2,6,6,19,1,0.210027169618017,12.234195951921
5,3,6,6,3,3,3,5,5,5,4,3,4,4,4,5,4,5,5,4,4,4,3,5,6,4,4,4,4,6,5,7,4,6,4,4,5,4,4,4,5,6,5,6,6,6,5,5,5,3,2,4,4,4,4,4,3,5,3,19,0,0.305167699038669,7.9735430220022
6,2,3,4,5,5,4,5,5,5,1,4,7,3,4,5,7,3,6,-9999,5,4,5,5,-9999,3,3,4,5,-9999,6,4,-9999,-9999,-9999,-9999,-9999,3,7,2,5,3,6,2,4,5,-9999,5,7,3,4,6,5,2,4,3,1,2,8,19,0,0.00745481628191207,12.5897991735943
5,5,5,5,6,6,5,5,6,6,5,6,5,5,6,4,5,5,5,6,2,2,2,5,5,3,4,4,4,3,4,5,4,4,5,5,6,4,4,5,5,4,5,5,5,5,6,6,5,5,4,6,3,3,4,5,3,6,5,52,0,0.18125531203637,9.43548192595306
7,7,7,5,6,2,-9999,3,7,5,6,6,4,6,6,5,4,5,5,7,7,-9999,7,7,-9999,7,4,4,7,7,6,4,6,7,-9999,-9999,7,4,7,7,4,4,3,3,5,4,7,-9999,7,-9999,-9999,-9999,4,1,3,1,2,2,7,42,0,-9999,-9999
6,2,5,4,4,6,0,6,6,4,2,2,2,2,2,2,2,2,4,5,6,6,5,6,6,6,6,2,4,6,6,5,6,6,4,6,5,5,4,4,5,5,6,6,5,3,5,6,4,3,3,7,4,4,6,4,3,3,3,19,0,0.0463326459845863,8.86409654852614
7,5,6,6,7,7,2,7,7,6,6,6,6,6,6,6,2,6,6,-9999,-9999,-9999,-9999,-9999,-9999,2,2,4,2,7,7,7,1,4,2,5,7,3,5,6,6,6,6,3,7,7,7,-9999,-9999,-9999,-9999,-9999,7,2,7,3,2,6,5,19,1,-0.0361806557119879,10.7800459737466
4,3,3,5,4,3,6,6,4,2,1,1,3,3,2,1,1,1,1,4,4,4,5,6,4,2,5,2,3,7,7,7,4,6,6,6,5,1,1,1,5,2,2,2,4,4,6,5,4,4,1,4,4,2,5,2,4,4,5,19,0,0.0163904005372709,9.72784166380426
7,7,5,4,5,5,5,4,4,5,5,6,5,6,6,5,4,5,4,-9999,-9999,-9999,4,4,-9999,5,5,4,3,5,-9999,-9999,-9999,-9999,-9999,-9999,-9999,4,6,5,4,5,4,4,7,6,6,-9999,-9999,-9999,-9999,-9999,2,4,4,4,1,4,5,18,0,0.052948115554107,11.0771717533804
5,2,4,2,2,2,6,5,2,4,2,3,4,2,5,5,4,7,4,2,2,2,2,7,3,1,1,1,1,7,7,7,4,2,2,5,5,2,6,4,7,7,7,7,5,4,4,1,2,2,2,4,2,1,7,1,2,3,2,18,0,-8.42560667173152,8.03226270894558
6,5,5,5,5,5,5,6,5,5,5,3,4,4,3,6,5,5,4,-9999,-9999,-9999,2,3,-9999,4,5,4,4,6,-9999,7,-9999,-9999,-9999,-9999,-9999,4,4,4,4,4,4,4,7,-9999,7,7,5,6,6,6,5,3,-9999,-9999,2,4,3,33,0,-9999,-9999
4,2,4,2,2,5,4,5,4,3,1,3,1,2,2,1,2,4,4,-9999,-9999,-9999,4,4,4,7,5,4,7,7,7,7,2,3,2,5,-9999,3,6,3,7,7,7,7,2,3,4,1,2,1,3,4,6,3,4,2,4,6,4,18,1,0.111443592803916,9.12574063011003
6,4,7,3,5,6,-9999,3,4,4,1,5,2,5,3,4,2,4,3,1,1,1,1,6,-9999,1,1,1,1,6,6,6,4,4,4,6,-9999,4,3,3,5,6,4,6,5,4,6,3,-9999,-9999,-9999,-9999,4,1,3,3,1,5,1,6,0,-9999,-9999
6,-9999,1,6,6,1,6,6,-9999,5,4,4,4,4,2,3,2,1,2,-9999,-9999,4,7,7,7,3,5,5,6,5,4,4,-9999,-9999,-9999,-9999,-9999,7,7,5,3,4,6,5,7,7,7,5,-9999,7,1,1,5,7,7,7,6,4,1,18,1,0.0178432172305218,8.45608345194926
6,2,7,5,7,6,5,7,6,7,4,7,6,5,6,7,7,7,7,4,4,2,5,5,5,7,7,4,7,5,5,5,5,7,4,5,4,4,7,6,4,5,7,5,5,4,3,6,3,1,1,5,4,5,2,2,1,3,3,15,0,0.163920391195348,9.56053939231258
7,1,6,5,6,6,5,5,5,5,2,5,3,5,3,5,2,5,5,-9999,-9999,-9999,2,2,2,5,5,4,5,5,4,6,5,5,5,5,5,4,4,4,5,6,5,4,6,5,6,5,5,3,6,7,6,4,5,4,2,3,3,18,0,0.095275731203165,9.03361512657915
7,4,6,6,7,6,6,6,6,5,2,5,3,5,3,5,2,5,5,5,5,5,7,6,7,5,5,4,5,6,4,7,4,6,5,7,7,4,4,4,5,6,5,4,7,7,7,6,6,6,6,7,5,4,2,3,2,4,3,18,0,0.095275731203165,9.03361512657915
7,7,5,7,7,6,7,2,7,6,5,5,5,5,5,4,6,2,4,5,3,3,5,5,5,4,5,4,4,7,7,7,5,5,6,6,6,5,5,5,7,7,7,6,6,6,7,1,6,6,7,6,5,3,1,3,1,3,5,52,0,-0.0457352448446916,13.0318284180651
7,6,6,6,7,6,6,6,7,5,6,6,5,5,6,4,5,4,4,7,4,1,1,5,7,7,7,4,5,6,6,5,4,7,6,7,7,3,6,5,4,3,3,3,6,6,6,6,7,7,1,7,2,7,4,3,2,3,5,26,0,0.0578643430415928,10.0957388129078
6,7,6,5,7,6,4,5,6,5,5,5,5,7,7,5,4,7,5,6,5,-9999,5,7,7,6,5,4,6,6,6,6,4,4,5,6,-9999,4,4,5,3,3,4,4,7,7,7,6,6,6,6,6,6,5,4,5,5,7,9,52,1,0.112463738878223,14.3726751727994
7,6,6,6,6,5,7,5,6,7,6,6,6,7,6,6,4,5,6,4,3,2,4,4,4,5,5,4,4,6,6,6,6,6,5,6,6,6,6,5,7,6,6,-9999,6,6,6,5,4,6,3,7,5,5,5,4,5,5,9,23,1,0.0958223451920915,14.2858340110609
5,2,3,4,4,3,3,3,3,4,2,4,3,4,4,5,5,4,4,2,2,2,2,2,2,2,2,2,2,4,4,3,2,3,3,2,2,4,4,4,5,4,5,4,5,4,-9999,3,4,3,5,4,2,2,2,4,3,2,7,52,0,0.0537915257744774,13.2041682239066
4,4,5,4,5,4,3,5,5,5,2,5,3,4,5,4,4,3,3,-9999,-9999,-9999,6,6,6,2,3,2,4,7,4,4,3,5,-9999,-9999,3,2,6,3,6,5,5,4,2,3,4,-9999,3,2,3,-9999,2,1,4,3,4,2,6,49,0,0.000412437533114943,11.2778421677283
7,2,6,6,3,5,4,5,7,7,4,7,7,6,6,6,4,7,6,1,1,1,1,1,7,3,4,3,3,6,4,5,1,1,1,6,5,5,7,5,7,6,6,6,4,5,5,4,6,1,1,7,5,4,5,3,3,5,4,46,1,0.000779523372756925,8.33269326369423
6,7,4,4,7,5,5,5,5,5,5,4,4,6,4,4,4,4,5,-9999,-9999,-9999,-9999,6,-9999,5,5,2,3,7,4,4,4,4,4,4,4,2,5,2,6,4,5,3,6,5,5,4,4,4,1,4,6,5,6,2,2,4,2,30,1,-9999,-9999
6,5,4,4,2,5,6,5,5,4,1,5,4,5,5,4,3,5,4,2,6,6,5,4,7,5,4,5,5,6,4,4,2,6,5,4,6,3,4,3,5,4,3,4,6,3,5,4,6,3,4,5,6,3,2,3,4,3,8,19,0,0.134138918637524,11.7147865425555
4,5,2,6,6,-9999,6,-9999,4,5,5,6,4,7,6,6,6,4,4,2,-9999,1,4,4,-9999,5,5,3,5,6,-9999,-9999,-9999,6,-9999,-9999,-9999,5,4,5,6,4,5,-9999,-9999,5,-9999,-9999,-9999,-9999,2,-9999,-9999,1,3,2,2,3,8,36,0,-0.140544227290705,10.1822814923025
7,5,5,6,6,6,4,7,7,6,3,5,5,5,6,4,6,7,7,7,7,7,4,4,3,4,4,4,4,5,6,6,5,5,3,5,6,3,5,3,4,7,6,6,5,6,6,7,5,5,7,4,5,4,4,3,5,6,7,18,1,0.122318825237383,12.7057027324958
5,-9999,3,3,7,6,2,4,5,5,5,5,4,6,2,3,4,5,5,-9999,-9999,-9999,-9999,-9999,-9999,4,4,4,5,7,-9999,-9999,-9999,7,-9999,-9999,-9999,4,7,6,7,4,4,6,7,6,7,-9999,-9999,-9999,-9999,-9999,7,2,4,4,7,5,3,24,1,0.0294079714907276,8.00826576493333
7,4,7,7,7,4,7,7,4,3,3,6,6,6,6,4,4,6,6,4,4,4,1,2,2,3,2,2,2,5,5,5,3,3,3,3,3,3,3,3,5,4,5,6,7,7,7,7,4,3,7,7,7,4,4,5,7,4,1,15,1,-4.6451021923647,8.97739897818186
7,5,5,4,5,5,4,5,5,5,5,5,6,6,5,6,6,6,5,-9999,-9999,-9999,4,-9999,-9999,4,5,5,3,6,-9999,-9999,2,3,4,5,-9999,3,3,3,3,3,3,4,5,5,6,5,4,4,2,6,3,3,4,4,4,4,5,17,0,0.0777720422349724,10.3463865219179
7,7,5,6,6,5,5,7,7,6,1,6,1,1,5,1,1,1,7,1,-9999,1,1,1,1,2,2,2,2,3,3,7,3,7,6,-9999,-9999,1,6,7,7,6,7,1,7,5,5,4,7,1,-9999,-9999,7,1,5,4,2,5,4,26,0,-3.63266975372596,7.13209811087183
6,6,7,6,6,5,6,7,5,5,5,6,5,6,6,6,5,5,5,3,4,3,5,5,6,5,5,6,6,6,5,5,4,6,6,5,6,4,5,5,6,5,5,5,6,6,7,5,4,5,5,5,4,4,2,2,2,2,4,17,0,0.0691326194067535,9.92988602639066
6,0,0,0,5,0,0,0,5,3,4,5,3,2,2,2,3,4,4,-9999,-9999,-9999,-9999,-9999,-9999,3,5,4,4,0,5,-9999,-9999,6,0,-9999,-9999,2,4,3,4,3,3,3,5,0,5,6,0,0,0,6,0,0,0,0,5,0,5,13,0,0.0208686354303889,9.87885156334262
6,5,6,4,6,4,4,6,6,7,4,6,6,6,6,5,6,7,6,4,4,4,4,4,4,2,2,2,5,6,6,4,4,4,4,4,4,4,4,5,7,4,4,5,6,4,5,6,5,5,6,6,5,2,6,4,2,4,2,13,0,-1.28626633357669,8.47660033730798
5,5,4,6,6,7,6,7,6,5,5,4,3,4,4,4,3,3,3,2,2,3,2,2,2,3,3,2,2,6,5,5,3,3,3,5,5,3,3,4,4,4,3,4,6,6,6,6,6,4,4,3,6,6,6,6,6,5,3,18,1,-0.0408957729210376,9.10317823437173
7,7,7,6,7,5,5,7,7,7,4,5,6,7,6,5,6,4,5,3,3,1,1,2,7,3,3,3,4,7,7,5,1,6,2,7,7,6,5,5,6,6,6,7,6,4,6,4,5,5,2,7,6,5,3,3,2,4,2,18,0,0.286555221931863,9.22814754562605
6,5,5,4,5,4,4,5,5,6,5,5,5,5,6,3,4,4,4,5,4,4,4,5,4,5,6,5,7,5,5,4,4,4,4,5,4,4,4,4,5,4,5,5,4,5,6,5,7,5,7,5,6,4,3,3,2,6,8,16,0,-0.00321854970153342,16.2225073676487
6,2,6,-9999,4,4,4,7,5,5,3,5,4,4,3,5,3,5,5,-9999,-9999,-9999,6,6,-9999,4,6,5,6,6,4,6,2,6,-9999,5,5,3,6,5,6,5,7,5,2,6,6,2,5,6,1,5,-9999,5,5,5,3,3,6,18,1,-0.0355907994710584,10.4139190986637
6,6,6,4,6,4,3,3,3,3,1,7,1,1,2,2,2,3,1,1,7,7,7,-9999,-9999,1,1,4,1,5,7,4,2,4,4,-9999,-9999,1,1,2,2,1,2,2,4,7,5,3,-9999,1,1,4,1,1,-9999,4,2,4,4,16,0,-0.0806750364196243,9.61439782313335
6,4,4,4,6,5,4,6,4,6,5,5,6,7,5,7,4,7,6,4,4,2,2,6,4,2,2,2,2,6,7,5,2,3,3,4,4,2,4,4,6,7,6,6,7,5,6,6,5,4,7,6,5,6,7,5,4,2,3,16,1,-9999,-9999
7,-9999,4,7,5,4,4,6,-9999,5,5,2,5,2,5,4,5,7,7,-9999,-9999,-9999,-9999,-9999,-9999,1,1,1,5,5,-9999,-9999,-9999,-9999,-9999,-9999,-9999,4,4,4,6,4,4,4,5,7,7,7,7,7,7,5,-9999,1,-9999,6,2,-9999,3,16,0,-0.709870946773999,10.4514904569147
5,4,4,4,4,3,3,3,3,5,5,4,5,5,-9999,5,5,5,4,4,5,3,6,6,6,4,4,4,7,5,5,6,7,4,4,4,4,6,6,5,6,6,5,5,4,4,4,4,4,5,2,4,6,4,3,3,3,4,5,16,0,-9999,-9999
4,4,5,5,6,6,4,4,4,5,3,7,3,4,7,5,5,5,5,3,4,4,3,3,4,3,3,4,4,5,6,5,4,5,4,4,5,3,3,4,6,4,5,5,6,6,7,7,7,4,7,7,6,3,4,5,4,3,2,21,1,-0.0689145358400372,7.77619940139907
6,2,4,4,5,4,5,6,6,4,2,5,2,5,4,3,3,5,5,5,4,5,4,4,5,4,3,3,3,6,5,5,2,4,4,3,4,2,4,3,6,3,5,4,0,0,0,7,7,7,7,7,3,3,2,2,2,3,3,16,0,0.0607419004779829,9.12178234499439
6,2,7,2,3,5,6,6,5,5,2,6,2,4,4,4,3,4,3,-9999,-9999,2,2,3,-9999,4,4,4,4,7,6,5,2,4,4,4,4,3,4,4,7,4,7,5,5,3,5,4,4,4,4,4,6,5,5,6,3,3,3,16,1,0.0728353301572388,8.87444796721998
5,1,5,3,3,5,3,3,6,5,2,6,2,5,6,3,2,3,4,-9999,-9999,-9999,6,5,6,3,4,4,2,5,6,6,5,4,3,5,5,3,6,3,6,6,6,3,7,6,5,3,7,5,3,6,6,5,5,3,2,3,5,15,0,0.0250840949240353,10.4430959493555
6,3,5,3,5,2,2,3,5,4,5,4,6,4,4,3,3,2,4,4,5,2,2,2,5,6,4,4,3,7,7,6,2,4,3,7,7,2,6,6,6,5,7,6,3,3,5,4,4,4,6,4,7,7,5,6,6,4,3,16,1,0.176836809045103,9.36354203019629
6,3,6,3,3,3,4,5,6,5,3,5,3,3,4,4,3,3,5,-9999,-9999,-9999,-9999,-9999,-9999,2,3,2,6,6,6,6,4,3,3,5,-9999,2,6,4,7,6,7,7,5,2,5,3,5,2,2,5,6,6,2,2,6,4,3,15,1,-0.0344666047421878,8.26310062195801
4,3,3,2,3,2,2,7,5,3,3,3,3,5,5,2,2,4,5,2,3,3,2,2,6,3,2,2,2,6,2,6,1,4,4,4,4,3,5,4,6,4,3,3,3,3,6,2,4,3,2,5,3,5,4,3,4,3,4,11,0,0.0489771469835455,8.99051630507232
7,7,7,5,7,7,5,7,5,7,7,7,5,7,5,6,6,6,6,6,6,2,-9999,-9999,-9999,7,7,2,6,3,-9999,-9999,1,6,4,6,-9999,4,7,6,6,6,2,2,-9999,7,7,6,5,-9999,6,-9999,5,2,-9999,2,7,5,3,16,1,-9999,-9999
6,7,2,6,4,2,5,2,6,6,7,7,6,5,6,4,5,6,5,4,4,2,2,7,7,7,7,2,2,7,7,7,5,7,4,3,5,5,6,5,7,5,6,7,7,3,6,6,7,3,5,6,3,3,2,2,1,2,6,16,0,0.0291727518646455,10.7658942685791
7,5,5,4,6,5,5,6,5,5,2,6,4,5,6,4,4,4,5,4,4,-9999,-9999,5,-9999,5,7,5,5,4,4,4,5,-9999,4,-9999,-9999,3,7,4,6,5,6,5,5,5,5,5,5,5,5,5,5,4,4,4,5,4,5,15,1,-0.147562586026161,10.2786171568482
5,6,7,4,5,6,7,3,5,4,1,5,2,2,5,2,4,4,6,4,7,3,6,6,7,3,7,7,7,7,-9999,7,6,7,5,3,6,7,7,4,7,5,1,6,7,7,6,5,6,5,6,4,4,2,2,3,3,1,3,15,0,-9999,-9999
7,4,7,5,7,6,6,7,5,7,5,7,6,7,7,7,6,7,6,3,3,3,3,2,6,1,7,7,7,4,6,6,1,6,4,4,4,4,5,5,7,7,7,7,5,5,6,5,6,2,6,6,6,5,6,3,6,3,6,14,1,-0.0374771707503766,9.93280360687018
5,4,6,3,5,4,2,4,6,6,5,7,4,7,6,6,4,5,6,4,4,3,5,5,7,6,5,4,7,6,6,6,4,6,5,-9999,4,4,5,5,6,5,6,5,5,5,6,5,5,1,4,6,5,5,4,3,3,4,4,15,0,-9999,-9999
6,6,6,6,6,6,5,6,6,6,4,6,-9999,2,5,-9999,-9999,-9999,-9999,2,2,2,2,5,5,2,2,1,1,6,6,5,5,5,5,5,4,3,7,5,6,6,6,5,6,6,6,6,6,3,5,4,5,6,3,3,5,6,3,14,1,0.0487380889796243,8.31196322938691
7,2,7,3,6,4,-9999,5,5,7,3,7,6,7,7,7,7,6,7,-9999,-9999,-9999,-9999,-9999,-9999,3,3,-9999,-9999,6,7,7,2,2,-9999,-9999,-9999,3,3,3,6,3,3,3,5,6,6,-9999,-9999,-9999,-9999,-9999,7,4,5,5,7,-9999,4,15,1,-2.27752356272104,10.7140021268298
7,6,7,7,6,4,2,1,6,7,6,7,3,1,4,2,4,6,7,5,5,4,1,1,6,5,1,4,3,7,7,7,4,5,3,7,7,4,4,4,6,5,5,6,7,6,7,1,1,3,4,3,4,4,1,3,2,6,5,15,0,0.0997395954314473,9.16561493559645
7,4,6,3,4,3,3,3,5,5,2,5,1,6,4,6,6,7,3,4,4,6,6,6,6,3,4,4,6,3,4,6,4,5,3,6,7,6,3,3,3,3,3,6,5,3,4,4,5,3,6,5,4,3,4,6,2,7,6,52,1,-0.00850733502496867,9.11778639036558
4,2,3,2,5,4,3,4,3,6,4,6,6,6,7,7,7,7,5,6,4,2,6,6,5,7,7,1,7,5,6,5,2,4,3,5,4,6,6,6,7,6,7,4,6,6,6,5,2,2,2,2,4,2,3,6,3,5,7,31,0,0.232554684986857,13.6713716757479
7,-9999,7,-9999,7,-9999,-9999,6,6,7,3,4,3,6,6,2,3,2,6,-9999,-9999,-9999,-9999,7,7,1,1,1,1,7,7,-9999,1,-9999,-9999,7,7,1,5,2,6,5,6,3,7,7,7,7,7,7,7,7,5,7,7,7,1,7,2,6,1,-2.05013728870399,6.38884147836639
-9999,-9999,6,0,-9999,-9999,-9999,6,-9999,-9999,-9999,-9999,-9999,-9999,-9999,-9999,-9999,-9999,-9999,-9999,-9999,-9999,-9999,-9999,-9999,-9999,-9999,-9999,-9999,6,6,-9999,6,4,-9999,-9999,-9999,6,6,6,6,5,6,5,4,3,6,4,5,-9999,-9999,-9999,7,5,6,5,6,6,2,10,1,-9999,-9999
6,5,4,5,5,5,5,6,7,5,4,5,6,5,5,4,4,5,5,2,5,5,1,1,6,7,4,5,5,7,7,7,2,7,5,6,6,5,7,4,6,4,7,7,6,6,7,6,6,6,2,6,7,5,6,5,3,6,4,14,1,0.188110057548282,10.2782975576847
5,3,6,4,5,6,6,6,7,7,5,6,6,7,6,5,5,6,5,4,5,5,3,4,5,4,5,4,5,5,6,4,4,6,4,5,6,5,5,5,4,6,5,6,6,6,4,4,3,2,1,7,5,3,5,3,2,2,3,14,0,0.0624384947288834,9.64558432284012
7,4,5,3,5,5,5,4,-9999,7,1,6,2,5,5,2,1,2,7,2,2,1,1,1,6,2,2,1,2,6,5,5,4,7,4,6,6,3,7,4,5,5,4,4,5,5,6,4,5,4,3,5,3,3,5,5,4,5,2,14,1,-9999,-9999
6,1,6,2,5,5,4,5,5,7,1,6,2,5,5,2,1,2,7,2,2,-9999,-9999,-9999,5,2,2,1,2,5,4,4,4,7,4,-9999,-9999,3,7,4,5,5,4,4,5,5,6,5,5,5,-9999,5,3,4,4,4,4,4,2,14,0,-9999,-9999
-9999,-9999,6,6,7,3,2,7,-9999,4,4,5,3,5,5,3,4,6,5,-9999,-9999,-9999,-9999,-9999,-9999,3,3,3,3,4,-9999,6,-9999,-9999,-9999,-9999,-9999,3,5,4,6,4,6,6,6,5,6,6,5,6,2,4,6,4,5,5,6,6,2,4,1,-3.25020887814949,7.84844589767983
6,6,6,6,4,6,5,6,6,6,5,5,5,5,5,5,-9999,6,5,4,4,4,6,6,6,4,4,4,4,7,5,7,5,5,4,5,6,6,6,6,6,5,5,5,5,4,4,5,5,4,4,5,5,6,5,5,5,5,3,14,1,0.137578732965902,8.72591322206472
7,2,5,2,7,1,3,1,6,4,1,4,1,6,1,5,5,2,6,1,3,3,2,2,2,1,1,1,1,7,4,7,3,5,3,5,5,2,3,2,5,3,2,2,5,3,5,1,1,3,2,6,1,1,3,7,1,7,3,14,0,0.041361438811374,8.63316124766017
5,6,6,5,5,4,3,5,4,5,4,6,4,7,6,5,3,5,3,6,3,2,2,2,4,2,1,2,2,5,6,3,2,3,4,6,6,3,6,4,5,4,3,3,5,4,6,4,5,2,3,6,7,6,5,5,4,5,3,12,1,0.000291112734148545,8.14345928146953
7,4,5,5,6,5,6,6,6,6,4,6,6,6,5,6,4,5,5,4,4,4,3,3,4,2,2,2,2,6,6,5,4,4,4,6,6,2,5,4,5,5,4,4,6,6,6,4,6,4,6,6,5,5,5,3,5,4,3,14,1,0.000291112734148545,8.14345928146953
5,6,5,5,4,4,4,6,5,5,6,5,6,5,5,5,6,6,5,4,3,3,5,4,5,4,4,4,5,4,5,6,3,4,4,4,5,5,5,5,5,5,6,6,5,5,6,5,4,5,5,5,5,4,5,4,4,6,8,52,1,0.0273223805632957,12.9359403008661
5,6,7,5,5,4,4,5,4,6,5,7,2,5,5,4,2,3,4,3,-9999,2,2,3,6,2,2,2,3,5,5,4,3,5,4,5,-9999,3,3,5,6,6,5,5,6,5,6,4,5,3,6,5,5,4,3,4,5,6,4,14,1,-0.152205734089713,9.95277759174721
5,4,4,5,7,6,6,7,6,4,3,3,3,3,3,3,3,4,3,1,1,1,1,6,6,1,1,1,1,7,7,7,7,7,7,6,7,4,4,4,4,4,4,4,7,6,7,7,7,7,7,7,4,5,4,5,2,7,1,14,1,-95.9624514780217,8.01234963932779
7,5,6,6,5,4,5,6,6,1,1,2,2,2,2,2,2,1,1,3,4,4,3,3,5,2,2,2,1,6,7,6,3,3,3,5,4,2,4,1,2,3,5,4,4,4,4,5,5,4,6,6,5,4,6,6,4,4,4,14,1,-0.188296208671884,9.49200940227084
6,6,5,5,5,2,2,2,3,3,3,-9999,3,4,2,3,3,3,3,3,6,5,7,7,7,1,1,1,1,2,3,5,2,4,3,-9999,-9999,3,3,3,3,5,5,4,2,3,4,3,4,4,4,4,1,2,2,3,2,2,5,14,0,0.0264728898240918,10.0371526862169
6,3,3,6,6,4,5,6,5,5,3,4,3,5,5,4,3,4,3,6,3,3,4,5,7,3,3,3,3,5,4,5,3,3,3,5,4,2,4,3,4,4,3,4,6,5,6,5,5,3,6,5,4,3,3,4,7,5,2,17,1,0.00849736124824975,8.07084358683461
5,5,4,4,5,4,4,4,5,5,5,4,5,4,4,5,5,5,5,2,2,2,3,4,2,5,4,2,2,2,3,4,5,4,4,3,3,4,6,4,3,3,4,4,3,2,5,4,6,6,6,6,3,7,5,2,1,2,4,52,0,0.0070593256732655,14.2064280271073
6,5,7,6,5,6,4,3,4,5,5,5,6,6,5,6,6,5,5,1,6,4,1,2,-9999,4,6,6,5,6,6,4,1,3,2,6,5,6,5,4,6,5,5,6,5,6,6,-9999,-9999,-9999,-9999,-9999,5,3,2,2,4,3,4,14,0,-0.344868869293065,8.81519186426997
5,5,5,2,4,3,3,4,4,5,4,4,2,3,3,1,1,3,3,3,4,5,2,3,5,2,2,1,1,4,5,5,3,6,4,4,4,2,5,3,5,4,4,4,5,5,4,5,4,4,2,3,3,2,5,4,2,6,3,13,0,-0.0102115179969415,9.64897587564164
7,5,7,6,6,1,1,6,6,6,4,6,3,5,6,6,5,6,6,1,1,1,1,1,1,4,4,4,4,6,7,7,3,6,2,6,6,4,4,3,6,6,7,7,5,1,7,7,6,6,1,7,5,2,1,2,1,2,3,13,0,0.0749015017725864,8.71650296123905
5,4,5,3,4,4,3,5,5,5,2,3,2,4,3,4,2,5,4,5,4,4,1,3,6,2,2,2,2,6,5,5,3,5,4,5,5,2,4,4,6,3,6,4,5,4,6,6,6,5,7,4,5,4,4,3,3,4,4,14,0,-0.0215180898070092,8.8230147441958
6,4,4,5,5,6,5,6,6,6,2,6,6,5,6,4,4,4,6,-9999,-9999,-9999,-9999,6,5,7,6,6,7,5,-9999,-9999,5,6,-9999,-9999,-9999,5,5,6,3,5,5,5,5,6,6,5,4,5,3,6,5,4,5,5,5,6,3,13,1,0.267325763588608,9.52156805800298
7,4,7,5,5,7,2,6,7,6,4,6,6,5,6,6,6,6,6,1,1,7,1,1,-9999,4,6,6,2,7,6,6,1,-9999,-9999,-9999,7,4,4,4,6,7,6,6,7,6,7,7,6,6,7,-9999,7,5,4,2,2,4,4,13,0,-0.0431176638651373,9.16004657792172
7,6,2,7,7,7,4,7,7,5,4,5,6,6,6,6,4,7,5,2,-9999,2,2,7,5,4,3,3,4,7,7,7,4,4,4,6,7,5,4,4,5,4,7,7,7,7,7,6,5,4,6,6,7,4,5,2,6,3,2,13,1,0.00301384333005428,8.78442252529529
5,6,-9999,5,-9999,6,6,6,5,4,6,6,6,1,6,2,6,2,2,0,0,0,0,0,0,6,6,-9999,-9999,7,6,6,-9999,-9999,-9999,-9999,-9999,5,6,3,5,4,4,7,6,6,6,6,6,6,6,-9999,5,4,6,5,2,-9999,3,13,1,-0.19798755105769,9.85400314743722
6,6,3,5,6,7,7,5,5,7,6,7,5,5,6,5,4,6,5,5,5,5,6,6,6,7,7,6,6,6,6,6,6,6,6,6,6,5,7,6,6,7,7,7,7,6,6,6,6,6,5,6,7,6,6,6,6,5,9,52,1,0.0918348926681393,13.8215139017814
6,4,4,4,5,5,4,6,6,7,4,6,7,6,5,4,5,5,6,1,1,1,1,1,1,1,1,1,1,6,6,4,2,2,2,4,4,1,5,1,7,6,5,3,5,5,5,6,6,6,6,6,6,6,6,6,6,4,-9999,2,1,-2.58213599647294,6.60014257104148
6,6,5,5,7,6,6,6,6,6,4,5,6,5,5,4,5,2,6,6,5,5,5,5,5,3,3,3,3,7,6,6,5,5,6,7,7,4,5,4,6,5,5,7,7,6,7,6,7,5,6,6,7,5,6,6,3,4,2,10,1,3.6514445020004,5.70932265503182
7,7,7,7,1,7,-9999,1,7,7,7,7,7,1,7,7,7,7,7,-9999,-9999,-9999,-9999,-9999,-9999,1,1,1,1,7,7,-9999,-9999,-9999,7,7,7,4,1,6,7,6,4,4,7,7,7,7,-9999,-9999,7,7,7,1,6,6,2,-9999,2,13,1,-0.729470094005368,7.62422828484558
6,7,5,5,6,5,2,6,4,5,7,6,5,5,5,4,5,6,5,4,4,3,4,4,4,4,4,4,4,4,4,3,4,5,4,3,4,4,5,5,5,4,5,4,2,4,5,5,2,2,2,2,3,1,5,2,2,4,8,52,0,0.167949545587895,13.8847148337704
7,4,3,4,5,6,3,5,5,4,4,2,2,2,2,2,2,5,4,4,7,6,6,6,6,5,6,5,5,7,7,7,2,5,5,7,6,2,4,4,6,6,6,6,4,4,4,2,6,2,6,6,5,7,2,2,1,5,4,13,0,0.0456007701535636,9.83250699261903
6,3,4,3,5,4,4,5,5,4,5,3,3,5,5,5,5,4,5,3,3,2,1,2,5,4,4,3,2,7,6,6,1,3,3,5,6,3,4,3,7,6,7,6,1,2,2,3,3,2,2,2,1,1,2,2,2,2,3,13,0,0.000841759610608361,9.84862473708694
6,4,7,5,7,7,6,7,6,6,3,5,4,5,4,4,4,4,6,7,1,1,4,-9999,-9999,5,4,4,4,7,7,6,7,5,4,4,5,5,5,5,6,6,6,6,7,6,7,-9999,6,2,2,7,1,2,5,7,1,7,6,37,0,0.0588880872214165,10.7957335119262
7,4,7,4,7,5,6,7,7,6,3,5,4,5,4,4,4,4,6,6,2,2,2,6,-9999,5,4,4,4,7,7,6,7,6,6,6,7,5,5,5,6,6,6,6,7,4,7,6,7,-9999,3,-9999,1,4,6,3,1,6,6,37,0,0.0588880872214165,10.7957335119262
6,2,5,3,5,3,2,4,6,5,4,5,4,5,6,5,5,6,6,3,6,5,2,2,6,4,5,4,2,6,6,6,3,6,5,7,7,3,6,5,5,6,5,6,4,5,6,3,6,2,3,5,2,4,5,3,6,3,3,12,0,0.0819352313314378,8.94990591090639
7,5,2,7,7,4,4,2,6,5,5,4,4,4,5,5,5,5,5,4,2,2,7,6,6,3,3,4,4,4,5,5,2,7,4,4,4,4,4,4,4,4,4,4,5,5,5,4,5,4,4,6,3,3,4,4,6,6,6,26,1,0.0313713133635342,11.1199505994351
5,4,3,2,1,2,3,5,3,5,3,3,3,2,7,5,2,5,3,5,4,3,6,6,5,5,5,4,5,5,4,5,3,3,3,2,4,4,4,4,6,4,4,5,6,7,7,3,6,2,1,1,2,3,4,5,6,3,7,12,0,0.0560230333548706,11.7944443338411
6,5,5,6,5,6,3,7,7,5,4,5,3,3,4,3,2,4,3,3,5,1,1,2,5,4,4,4,4,5,7,5,3,3,3,-9999,-9999,3,3,4,5,4,4,4,-9999,-9999,-9999,6,5,7,3,1,4,4,5,3,2,5,2,12,0,-0.679892109002736,8.79893767120127
7,4,7,5,5,6,2,7,6,6,5,6,4,6,5,5,2,5,5,2,2,1,1,1,6,4,3,3,2,6,4,6,2,6,3,7,7,3,5,4,5,5,4,4,7,7,7,7,7,4,7,7,-9999,7,7,7,6,5,2,15,1,-1.07987963471956,7.08212866592692
6,6,5,2,6,5,4,5,5,5,4,4,4,6,5,5,5,6,6,5,5,5,5,4,4,6,4,2,4,7,6,7,4,4,3,6,7,2,4,4,7,6,6,6,6,4,5,5,6,2,2,6,4,6,6,3,4,1,5,12,0,0.218761549492216,9.25730983205034
6,5,5,4,7,6,5,7,7,7,5,5,4,5,6,4,4,5,5,4,6,6,4,5,6,4,4,5,2,6,7,7,5,6,5,7,7,3,4,5,7,6,6,5,6,6,7,6,6,7,3,5,4,3,4,3,2,4,4,12,0,0.0415849610289878,9.65056111137462
6,6,6,5,6,5,5,5,6,5,6,5,3,6,5,5,5,4,5,4,4,4,5,5,5,3,4,3,4,6,6,6,4,5,5,5,5,3,4,4,7,6,7,7,6,5,5,5,5,5,5,5,6,4,5,5,5,6,3,11,1,-0.725225017224354,8.29419962885315
4,4,4,4,4,4,4,4,4,5,5,5,5,6,4,4,4,3,4,4,4,5,4,4,4,6,6,6,6,5,4,5,5,6,6,4,6,6,6,6,6,5,4,4,6,6,6,5,4,5,6,6,3,3,5,5,5,5,3,12,1,0.19206494202155,9.04541331651098
7,2,5,4,6,3,3,5,5,6,6,4,5,6,6,4,3,6,5,6,6,4,5,6,7,5,6,4,5,5,6,6,6,6,4,7,7,4,5,4,6,6,6,6,6,4,5,4,5,3,4,6,4,2,6,4,3,6,5,12,1,-0.00411736810481481,11.0135490481811
7,5,5,2,7,4,5,6,4,1,4,1,1,1,1,1,1,1,1,2,6,4,1,2,6,3,2,2,1,5,5,4,3,3,4,5,4,1,5,5,4,1,6,5,5,4,5,5,6,2,4,4,6,6,6,6,6,6,2,12,1,-0.333709199867844,6.44667174711096
4,4,4,4,4,4,4,4,4,2,1,5,2,3,4,2,2,3,3,4,4,4,4,4,4,4,3,3,3,6,6,6,4,4,4,4,4,2,4,4,3,5,5,5,4,4,4,4,4,4,4,4,3,3,3,3,4,4,5,52,0,-9999,-9999
6,6,6,6,6,7,7,7,4,6,4,3,2,6,6,6,4,6,5,2,2,1,1,2,5,2,2,2,2,7,6,6,4,4,4,6,4,2,5,5,6,6,6,6,7,7,7,7,5,5,2,6,7,4,6,6,3,4,2,10,1,-0.318860080132049,6.64196515294645
7,5,5,3,2,3,6,2,7,5,3,4,5,5,3,5,4,3,5,1,1,1,5,5,4,3,3,2,2,5,7,7,2,7,7,7,6,2,7,7,6,4,6,7,2,4,6,5,2,2,1,2,4,5,5,3,3,5,2,11,1,0.156322682205278,7.98493962023663
7,-9999,6,5,6,2,6,6,6,4,2,4,4,4,4,4,3,5,5,-9999,-9999,5,1,1,-9999,4,4,2,4,7,6,5,4,4,4,5,6,5,6,4,6,5,6,5,5,6,7,6,7,6,7,7,7,2,5,3,4,3,9,52,0,-3.31542028276091,15.3086983667012
-9999,-9999,5,3,2,4,-9999,3,5,4,2,5,2,2,3,2,5,6,4,-9999,-9999,1,-9999,-9999,-9999,4,2,3,1,7,7,-9999,-9999,3,3,-9999,-9999,2,7,2,6,4,4,4,6,3,6,3,5,5,3,-9999,-9999,-9999,-9999,3,1,1,2,11,0,0.246436039626242,7.42044582935764
5,2,6,2,5,5,4,5,5,4,5,4,2,3,4,4,3,2,5,2,3,2,5,6,6,2,2,1,1,5,4,5,1,5,4,6,-9999,2,7,4,5,6,5,5,5,2,2,2,6,6,1,6,5,5,5,2,5,5,3,15,1,-9999,-9999
7,4,7,5,7,7,4,6,7,4,4,4,4,4,4,4,4,4,4,4,4,4,4,4,5,1,1,1,1,6,5,6,4,4,3,6,7,4,4,4,4,4,4,4,7,7,7,6,6,4,7,6,7,7,7,5,6,6,1,7,1,-0.113314716761014,6.48157712927643
6,1,4,2,6,2,4,7,5,6,4,5,3,5,4,6,5,5,4,1,7,7,1,4,6,1,5,2,3,5,4,4,7,6,6,4,6,3,7,4,5,5,5,5,7,7,7,6,6,6,3,6,5,4,3,2,2,2,4,11,0,0.000478270674384775,9.59634399459268
7,5,7,7,7,7,4,7,7,7,5,7,6,5,7,7,4,6,6,4,6,6,1,1,5,3,3,3,1,6,6,4,3,3,3,7,6,1,1,1,7,6,6,4,5,6,6,6,6,6,5,5,7,4,4,4,5,4,4,10,1,-13.6524274834543,7.93514005836188
5,1,3,3,5,4,4,4,4,5,4,5,5,6,5,5,4,4,5,4,4,-9999,5,5,-9999,4,5,4,5,6,6,6,-9999,6,-9999,-9999,-9999,4,6,4,6,4,5,5,7,5,5,5,5,5,5,5,1,5,6,4,0,5,5,21,0,-0.0223347027540937,8.72740549335104
7,6,6,5,7,6,6,4,6,5,5,5,5,3,3,2,2,2,3,3,6,5,2,6,4,4,4,4,4,6,6,5,5,4,4,6,6,4,7,-9999,-9999,-9999,-9999,-9999,7,6,7,4,3,1,1,2,5,2,2,3,2,2,3,11,0,0.0343997151507974,8.27771698548113
6,5,6,5,5,4,5,5,5,5,4,3,3,3,3,4,3,4,4,1,3,4,1,1,5,6,5,3,3,5,5,5,5,7,4,5,4,4,5,4,6,6,5,5,3,5,6,5,5,5,4,6,5,3,3,2,2,3,3,11,0,0.0822907564695538,8.68321597524069
5,2,5,5,5,5,4,6,5,6,2,6,4,6,6,5,4,6,6,-9999,5,3,-9999,-9999,5,5,4,4,4,5,5,6,6,6,6,6,6,6,5,4,6,6,5,6,7,7,7,6,5,4,2,4,5,3,5,4,4,3,2,11,0,-9999,-9999
6,3,6,7,7,5,7,-9999,6,5,4,5,5,5,4,4,5,5,5,3,2,2,2,2,4,3,4,3,2,5,5,5,3,6,6,5,6,4,4,4,4,4,4,4,6,7,7,6,6,6,5,6,3,3,4,5,4,6,5,52,1,0.0547864643430192,9.83571714781782
7,4,6,5,5,6,6,7,7,1,2,1,2,2,2,2,3,1,2,-9999,-9999,-9999,-9999,-9999,-9999,4,4,4,4,7,6,5,-9999,6,6,7,7,2,2,2,2,2,3,3,7,7,7,7,5,7,4,7,7,7,7,7,5,6,2,11,1,0.112871286122368,8.43914515971987
6,5,6,6,7,6,3,5,5,1,2,1,2,2,2,2,3,1,2,-9999,-9999,4,5,5,4,4,4,4,4,7,7,7,3,5,6,7,7,2,2,2,2,2,3,3,7,7,7,7,6,6,4,6,7,5,5,5,5,5,2,11,1,0.112871286122368,8.43914515971987
7,5,6,6,6,7,7,5,5,7,7,7,7,7,7,4,4,5,7,4,4,4,2,2,4,3,4,4,4,6,4,5,4,6,4,4,4,5,5,5,7,7,7,7,7,7,7,6,4,4,2,7,7,6,5,5,6,6,4,10,1,-0.0785774866572727,8.67101238773748
6,2,7,7,7,1,1,7,7,5,3,7,3,5,3,5,2,7,5,-9999,7,7,1,1,-9999,2,3,3,1,7,6,6,3,2,-9999,-9999,5,2,6,4,6,6,5,4,5,7,7,7,6,4,7,-9999,5,1,5,3,1,1,2,10,0,-1.1778648689986,7.84889470882568
5,6,5,7,7,4,6,-9999,7,5,5,4,4,6,6,4,4,6,6,4,4,4,4,5,5,4,4,4,4,6,4,5,4,5,5,6,6,4,4,4,6,4,4,4,4,5,5,4,5,6,5,6,5,2,4,2,2,2,3,6,0,-0.0810057615914619,9.44526228524641
7,5,7,7,6,6,6,7,7,7,4,7,5,7,7,6,6,6,7,3,4,5,5,4,5,4,3,3,3,6,6,6,3,6,5,7,7,3,4,4,3,7,5,6,5,6,7,5,6,6,6,6,6,6,6,6,6,6,3,10,1,-0.371540893091941,9.69795059154204
6,7,3,3,7,6,4,6,7,4,4,2,2,5,6,5,6,5,3,1,7,4,1,6,4,7,7,2,5,7,7,7,4,4,5,7,7,2,5,6,6,3,6,7,7,6,4,6,7,2,2,6,7,5,3,3,2,4,5,10,0,0.329860110489115,10.5989431776975
6,4,6,5,6,-9999,5,-9999,6,5,2,7,4,4,5,4,3,3,6,2,2,1,1,1,-9999,5,5,3,4,6,5,5,3,2,3,7,7,2,3,3,6,4,4,3,7,7,7,7,5,5,7,5,7,7,7,3,7,3,3,10,1,-0.134365088733081,7.62827440633793
7,4,3,3,6,5,6,7,7,5,2,5,5,6,6,5,5,6,6,4,3,3,1,6,4,2,2,3,2,7,2,6,2,2,3,3,3,3,3,2,6,4,4,5,6,7,7,7,4,4,6,6,5,3,5,5,7,5,3,11,1,0.0354147488379785,7.06090545847581
5,4,3,3,4,4,5,4,4,4,4,4,4,4,4,4,4,5,4,4,4,4,4,4,4,3,3,3,3,4,4,5,-9999,-9999,4,-9999,-9999,3,3,4,5,5,4,4,2,5,6,6,5,4,6,5,4,5,6,7,6,2,5,35,1,-9999,-9999
6,3,3,3,3,5,5,6,6,4,4,4,4,4,4,4,4,5,4,4,5,5,5,6,6,3,3,3,3,5,6,5,6,6,5,5,5,3,3,4,5,5,4,4,4,3,4,6,5,5,4,5,5,6,6,5,4,6,5,35,1,-9999,-9999
7,3,6,4,1,7,4,1,7,7,6,7,6,6,6,7,4,7,7,-9999,-9999,-9999,7,7,7,6,5,4,7,1,7,7,1,7,4,6,6,3,7,4,4,5,7,7,5,1,7,1,7,2,2,2,6,2,4,4,1,7,3,44,0,0.0765720126940024,8.50665788950085
7,3,7,5,5,6,3,5,6,6,4,6,4,5,5,4,5,5,5,-9999,-9999,1,3,2,7,7,4,4,4,7,6,6,2,6,5,6,6,4,4,4,6,5,6,6,7,6,7,3,4,4,1,5,6,3,6,1,3,6,2,21,1,0.287450344964785,8.95374057212298
6,5,5,4,5,5,0,6,6,5,4,6,5,3,4,4,3,3,5,-9999,-9999,-9999,6,5,6,3,3,1,6,6,-9999,-9999,-9999,-9999,-9999,-9999,-9999,3,4,4,7,4,4,4,6,3,5,4,6,5,3,5,3,3,6,2,2,3,2,21,0,-0.0554519228251602,8.54985397365579
6,5,6,5,6,5,5,-9999,5,5,5,5,4,4,4,3,4,2,5,-9999,-9999,-9999,-9999,5,-9999,5,5,5,5,6,6,6,-9999,5,-9999,-9999,-9999,3,6,5,4,4,4,4,-9999,5,6,5,6,-9999,2,6,5,3,4,3,4,5,6,19,0,-9999,-9999
4,4,3,4,4,4,4,5,5,6,6,6,5,-9999,5,4,3,3,5,6,6,6,5,6,6,7,7,6,6,6,6,6,4,5,5,4,4,4,4,6,5,5,5,5,4,4,0,4,4,4,3,3,3,6,4,6,6,6,5,52,1,-9999,-9999
7,5,6,6,7,5,5,6,6,6,5,5,4,5,5,5,4,3,5,4,3,2,2,4,5,4,4,3,4,4,4,4,3,5,4,6,5,3,4,4,5,5,6,5,5,3,6,6,3,5,6,6,6,5,5,5,5,6,4,13,1,-9999,-9999
4,3,2,6,7,5,4,6,5,7,1,7,3,1,7,1,3,1,7,4,5,4,2,2,2,4,1,1,1,6,6,6,6,5,5,6,6,4,7,4,7,7,7,7,5,5,7,-9999,6,5,4,6,3,3,5,4,3,4,2,11,0,-9999,-9999
5,6,6,4,7,6,6,4,4,4,6,6,5,6,4,2,3,4,4,6,6,6,4,5,6,4,1,1,1,5,5,5,4,5,4,5,5,3,5,5,6,4,5,5,5,5,5,4,5,5,5,5,4,3,3,4,2,4,4,25,0,-9999,-9999
6,4,6,4,6,4,4,5,6,7,4,5,5,7,5,5,5,5,6,7,4,4,5,5,5,4,5,6,5,6,6,6,6,7,4,-9999,-9999,4,7,5,5,5,5,6,4,4,4,-9999,6,3,6,5,4,2,2,2,3,3,7,52,0,-9999,-9999
6,7,5,7,5,5,4,7,7,5,5,5,4,4,5,5,4,5,4,5,4,4,4,4,4,4,3,2,4,7,7,7,4,6,6,6,6,1,1,1,6,4,6,6,7,6,6,7,7,7,7,7,5,3,2,3,2,2,9,23,0,-9999,-9999
3,2,3,2,3,5,2,5,2,5,4,7,6,5,4,2,4,5,4,2,4,2,4,3,4,3,3,3,5,3,2,3,3,2,4,2,4,4,6,5,6,4,5,5,3,2,4,0,2,5,4,3,3,4,2,4,4,2,3,11,0,-9999,-9999
